{
    "train_accuracy": 0.9948642061281338,
    "test_accuracy": 0.9888579387186629,
    "classification_report": {
        "close_look": {
            "precision": 0.9974226804123711,
            "recall": 0.9948586118251928,
            "f1-score": 0.9961389961389961,
            "support": 778.0
        },
        "forward_look": {
            "precision": 0.9766763848396501,
            "recall": 0.9955423476968797,
            "f1-score": 0.986019131714496,
            "support": 673.0
        },
        "left_look": {
            "precision": 0.9957865168539326,
            "recall": 0.9792817679558011,
            "f1-score": 0.9874651810584958,
            "support": 724.0
        },
        "right_look": {
            "precision": 0.9842406876790831,
            "recall": 0.9856527977044476,
            "f1-score": 0.9849462365591398,
            "support": 697.0
        },
        "accuracy": 0.9888579387186629,
        "macro avg": {
            "precision": 0.9885315674462594,
            "recall": 0.9888338812955804,
            "f1-score": 0.9886423863677819,
            "support": 2872.0
        },
        "weighted avg": {
            "precision": 0.9889495995377707,
            "recall": 0.9888579387186629,
            "f1-score": 0.9888646701281567,
            "support": 2872.0
        }
    },
    "classes": [
        "close_look",
        "forward_look",
        "left_look",
        "right_look"
    ]
}