{
    "close_look": {
        "precision": 0.9730496453900709,
        "recall": 0.8967320261437909,
        "f1-score": 0.9333333333333333,
        "support": 765.0
    },
    "forward_look": {
        "precision": 0.9321533923303835,
        "recall": 0.914616497829233,
        "f1-score": 0.9233016800584368,
        "support": 691.0
    },
    "left_look": {
        "precision": 0.368220742150333,
        "recall": 0.5536480686695279,
        "f1-score": 0.4422857142857143,
        "support": 699.0
    },
    "right_look": {
        "precision": 0.22706422018348624,
        "recall": 0.13846153846153847,
        "f1-score": 0.17202432667245873,
        "support": 715.0
    },
    "accuracy": 0.6285714285714286,
    "macro avg": {
        "precision": 0.6251220000135684,
        "recall": 0.6258645327760225,
        "f1-score": 0.6177362635874858,
        "support": 2870.0
    },
    "weighted avg": {
        "precision": 0.6300481494836148,
        "recall": 0.6285714285714286,
        "f1-score": 0.6216573410372482,
        "support": 2870.0
    }
}