{
    "accuracy": [
        0.5789381861686707,
        0.6945169568061829,
        0.749695360660553,
        0.7691035866737366,
        0.7847693562507629,
        0.7946910262107849,
        0.7853785753250122,
        0.8029590845108032,
        0.8164491057395935,
        0.8114012479782104,
        0.8237597942352295,
        0.8228894472122192,
        0.8328111171722412,
        0.8255874514579773,
        0.8307223916053772
    ],
    "loss": [
        0.8717667460441589,
        0.6450114846229553,
        0.5389465093612671,
        0.49464598298072815,
        0.45801618695259094,
        0.4408871531486511,
        0.45375826954841614,
        0.4085293710231781,
        0.37777507305145264,
        0.3956732451915741,
        0.36501261591911316,
        0.3677624762058258,
        0.34936007857322693,
        0.3627783954143524,
        0.34527960419654846
    ],
    "val_accuracy": [
        0.5885017514228821,
        0.7128919959068298,
        0.6181184649467468,
        0.6393728256225586,
        0.6620209217071533,
        0.6358885169029236,
        0.6386759877204895,
        0.6216027736663818,
        0.6439024209976196,
        0.6641114950180054,
        0.6379790902137756,
        0.6271777153015137,
        0.6554006934165955,
        0.6421602964401245,
        0.6202090382575989
    ],
    "val_loss": [
        0.8155263066291809,
        0.5762180685997009,
        0.7709130644798279,
        0.7041918039321899,
        0.7161966562271118,
        0.8097772002220154,
        0.8057640194892883,
        0.8687939643859863,
        0.8312166333198547,
        0.8063812851905823,
        1.0141377449035645,
        1.1881810426712036,
        0.9821335077285767,
        0.8476595878601074,
        1.0389151573181152
    ]
}