{
    "training_accuracy": 0.9999129526462396,
    "testing_accuracy": 0.9843314763231198,
    "labels": [
        "close_look",
        "forward_look",
        "left_look",
        "right_look"
    ],
    "classification_report": {
        "close_look": {
            "precision": 0.9923175416133163,
            "recall": 0.9961439588688946,
            "f1-score": 0.9942270686337396,
            "support": 778.0
        },
        "forward_look": {
            "precision": 0.9693430656934306,
            "recall": 0.986627043090639,
            "f1-score": 0.9779086892488954,
            "support": 673.0
        },
        "left_look": {
            "precision": 0.9901823281907434,
            "recall": 0.9751381215469613,
            "f1-score": 0.9826026443980515,
            "support": 724.0
        },
        "right_look": {
            "precision": 0.9841269841269841,
            "recall": 0.9784791965566715,
            "f1-score": 0.981294964028777,
            "support": 697.0
        },
        "accuracy": 0.9843314763231198,
        "macro avg": {
            "precision": 0.9839924799061186,
            "recall": 0.9840970800157915,
            "f1-score": 0.9840083415773658,
            "support": 2872.0
        },
        "weighted avg": {
            "precision": 0.9844078844475783,
            "recall": 0.9843314763231198,
            "f1-score": 0.9843343007429676,
            "support": 2872.0
        }
    }
}