{
    "close_look": {
        "precision": 0.92,
        "recall": 0.030065359477124184,
        "f1-score": 0.05822784810126582,
        "support": 765.0
    },
    "forward_look": {
        "precision": 0.30074719800747196,
        "recall": 0.6989869753979739,
        "f1-score": 0.42054854157596866,
        "support": 691.0
    },
    "left_look": {
        "precision": 0.44220183486238535,
        "recall": 0.3447782546494993,
        "f1-score": 0.387459807073955,
        "support": 699.0
    },
    "right_look": {
        "precision": 0.29827089337175794,
        "recall": 0.2895104895104895,
        "f1-score": 0.29382540809084456,
        "support": 715.0
    },
    "accuracy": 0.33240418118466897,
    "macro avg": {
        "precision": 0.4903049815604038,
        "recall": 0.34083526975877176,
        "f1-score": 0.2900154012105085,
        "support": 2870.0
    },
    "weighted avg": {
        "precision": 0.4996442805410374,
        "recall": 0.33240418118466897,
        "f1-score": 0.28434248012408053,
        "support": 2870.0
    }
}