{
    "accuracy": [
        0.25100088119506836,
        0.25256744027137756,
        0.257615327835083,
        0.25073978304862976,
        0.257615327835083,
        0.2643167972564697,
        0.261270672082901,
        0.26370757818222046,
        0.267536997795105,
        0.26579633355140686,
        0.2643167972564697,
        0.26449087262153625,
        0.444995641708374,
        0.5406440496444702,
        0.5923411846160889
    ],
    "learning_rate": [
        9.999999747378752e-05,
        9.999999747378752e-05,
        9.999999747378752e-05,
        9.999999747378752e-05,
        9.999999747378752e-05,
        9.999999747378752e-05,
        4.999999873689376e-05,
        4.999999873689376e-05,
        4.999999873689376e-05,
        4.999999873689376e-05,
        2.499999936844688e-05,
        2.499999936844688e-05
    ],
    "val_accuracy": [
        0.2665505111217499,
        0.2435540109872818,
        0.2665505111217499,
        0.2435540109872818,
        0.2665505111217499,
        0.24076655507087708,
        0.2665505111217499,
        0.2665505111217499,
        0.2665505111217499,
        0.2665505111217499,
        0.2665505111217499,
        0.2665505111217499,
        0.3717769980430603,
        0.2728222906589508,
        0.3306620121002197
    ],
    "val_loss": [
        1.3865852355957031,
        1.388279676437378,
        1.386109709739685,
        1.3866512775421143,
        1.3864836692810059,
        1.3862297534942627,
        1.3852345943450928,
        1.3855777978897095,
        1.3854658603668213,
        1.385197401046753,
        1.3854304552078247,
        1.3853076696395874,
        1.344924807548523,
        1.4212700128555298,
        1.5470681190490723
    ],
    "loss": [
        1.4027321338653564,
        1.3931201696395874,
        1.3899251222610474,
        1.3894251585006714,
        1.3870028257369995,
        1.3870720863342285,
        1.3861643075942993,
        1.3860112428665161,
        1.3858007192611694,
        1.3860766887664795,
        1.385900616645813,
        1.3852146863937378,
        1.1800686120986938,
        0.9612054824829102,
        0.8570046424865723
    ]
}